"","Name","Geography1","cat1","cat2","cat3","cat4","cat5","cat6","cat7","cat8","cat9","cat10","cat11","cat12","cat13","cat14","cat15","cat16","cat17","cat18"
"1","County Durham","Unitary Authority",27021,29989,28558,29134,35874,33461,30124,30570,27667,35419,39721,37361,33491,31637,30125,19870,14647,12311
"2","Darlington","Unitary Authority",5917,6650,6410,5656,5429,6267,6605,6637,6302,7395,7854,7485,6371,5960,5740,3937,3095,2856
"3","Hartlepool","Unitary Authority",5297,5957,5600,5192,5422,5990,6033,5423,4888,6172,6900,6775,5634,5296,4637,3082,2628,2316
"4","Middlesbrough","Unitary Authority",9657,9606,8579,8353,11650,10998,9376,8110,7316,8205,9021,8976,7931,6590,5857,4158,3335,2827
"5","Northumberland","Unitary Authority",14910,16975,17198,15922,14432,16516,17003,17703,17022,21377,24602,25453,23436,22593,21537,14037,10220,9338
"6","Redcar and Cleveland","Unitary Authority",7348,8259,7768,7108,7351,8244,8067,7383,6838,8882,10166,10065,8804,8342,8333,5848,4228,3684
"7","Stockton-on-Tees","Unitary Authority",11648,13134,12213,10815,10898,12999,13345,12602,11122,13223,14106,13658,11778,10463,9456,6413,4882,4458
"8","Tyne and Wear (Met County)","Metropolitan County",62271,65740,61037,63937,88351,84520,75908,71021,61919,73073,77762,76050,67146,59489,54676,37108,29761,26602
"9","Gateshead","Metropolitan District",10857,11626,10734,11205,12525,13301,14373,13463,11590,13431,14308,13940,11898,10634,10343,7331,5864,5085
"10","Newcastle upon Tyne","Metropolitan District",16630,17441,15246,20588,39899,29655,20716,17900,14978,16361,16756,16448,14351,12268,11004,7514,6289,6152
"11","North Tyneside","Metropolitan District",11471,11968,11601,10112,9880,11822,13463,14308,12607,14631,15283,14571,13103,11857,11178,7078,5677,5375
"12","South Tyneside","Metropolitan District",8359,8703,8272,7654,8388,9578,9752,9055,7957,9926,11365,11302,9919,8734,7823,5357,4260,3861
"13","Sunderland","Metropolitan District",14954,16002,15184,14378,17659,20164,17604,16295,14787,18724,20050,19789,17875,15996,14328,9828,7671,6129
"14","NORTH WEST","Region",434771,454136,427466,407334,465468,499669,475785,456491,414601,493194,516153,481784,410616,382358,364504,252081,185489,170193
"15","Blackburn with Darwen","Unitary Authority",10576,11152,10687,9833,9249,9720,10312,10457,9173,10089,9798,8939,7414,6649,5800,3892,2830,2372
"16","Blackpool","Unitary Authority",8365,8378,7763,7354,7948,8903,8334,7632,7263,9783,10809,9928,8443,7689,7680,5438,3942,3653
"17","Cheshire East","Unitary Authority",20262,22034,22020,19413,16905,19343,19748,21711,22482,28294,30173,28094,23623,23317,23639,15995,11968,11769
"18","Cheshire West and Chester","Unitary Authority",18571,19752,19177,18014,19473,19334,19094,19955,19432,24115,25587,24201,20852,20144,19822,13571,9980,9428
"19","Halton","Unitary Authority",7676,8488,8148,7075,7016,7934,8387,8102,7469,9046,8933,8922,7980,7538,6411,4025,2918,2364
"20","Warrington","Unitary Authority",11933,13102,12351,11365,10654,12838,13457,13716,12962,15653,16329,14600,11704,10758,10746,7639,5308,4432
"21","Cumbria","County",24066,26446,26606,25072,24418,26708,25737,26768,26192,34951,39147,38369,34234,33517,32374,22497,16247,15539
"22","Allerdale","Non-metropolitan District",4654,5323,5151,4985,4662,5173,4964,5212,4975,6951,7823,7322,6641,6716,6321,4424,3194,3036
"23","Barrow-in-Furness","Non-metropolitan District",3710,3670,3735,3531,3743,4085,3987,3637,3547,4722,5335,4849,4132,4010,4020,2897,1912,1615
"24","Carlisle","Non-metropolitan District",5909,6280,5935,5394,5914,6452,6094,6471,6034,7584,7928,8128,6901,6630,6043,4337,3234,3119
"25","Copeland","Non-metropolitan District",3474,3736,3661,3288,3395,4004,3771,3770,3588,4741,5463,5413,4831,4417,4127,2851,2104,1790
"26","Eden","Non-metropolitan District",2184,2608,2762,2515,2151,2550,2389,2609,2629,3734,4384,4337,3981,3986,3805,2570,1789,1898
"27","South Lakeland","Non-metropolitan District",4135,4829,5362,5359,4553,4444,4532,5069,5419,7219,8214,8320,7748,7758,8058,5418,4014,4081
"28","Greater Manchester (Met County)","Metropolitan County",183692,188451,173422,161110,193586,215938,206178,192026,166582,187385,190072,168875,139914,127679,120332,83152,59807,54368
"29","Bolton","Metropolitan District",19294,19976,18349,16614,16401,18634,19452,17905,17007,19887,19986,17776,14971,14082,13638,9369,6325,5706
"30","Bury","Metropolitan District",11819,12794,12001,10465,9981,12153,12612,12391,11331,13318,13856,12594,10135,9815,9645,6398,4699,4101
"31","Manchester","Metropolitan District",37768,36333,31354,34860,67607,65456,50663,41267,30548,29498,28390,23704,19212,15835,12754,9038,6925,6415
"32","Oldham","Metropolitan District",16792,17013,16354,14984,14061,15992,16114,15308,13441,15812,15884,14158,11870,10796,10404,7167,4988,4485
"33","Rochdale","Metropolitan District",15123,15466,14315,12727,12991,15104,15074,14561,12937,14868,15120,13784,11988,10791,9637,6543,4608,4364
"34","Salford","Metropolitan District",17614,16745,14642,13826,18940,23140,22343,18957,14321,15431,15974,14400,11655,10343,9636,6783,5040,4618
"35","Stockport","Metropolitan District",17631,18484,17562,15037,13534,16992,18295,19360,18134,20618,21375,19776,16913,15535,15142,10843,8387,8157
"36","Tameside","Metropolitan District",14500,14986,13425,12010,12479,15090,15190,14447,13018,15769,16907,15277,12388,11546,11152,7400,5302,4311
"37","Trafford","Metropolitan District",14701,16663,16174,13156,10431,12690,15094,17198,16659,17631,17335,15387,12473,10935,10362,7488,5932,6061
"38","Wigan","Metropolitan District",18450,19991,19246,17431,17161,20687,21341,20632,19186,24553,25245,22019,18309,18001,17962,12123,7601,6150
"39","Lancashire","County",67104,72975,70383,68286,75967,75375,70409,69545,66587,82520,87375,82867,72016,69310,68261,46331,33734,31008
"40","Burnley","Non-metropolitan District",5953,6028,5573,4738,4831,5700,6087,5413,5142,5759,5989,5749,5143,4802,4623,2913,2065,2019
"41","Chorley","Non-metropolitan District",6439,7117,6803,5714,5575,6824,7606,7410,7433,8938,8980,8033,6934,6666,6752,4349,2828,2420
"42","Fylde","Non-metropolitan District",3329,4137,4222,3777,3119,3611,3922,4156,4067,5367,6276,6421,5642,5490,5927,4100,3128,3079
"43","Hyndburn","Non-metropolitan District",5283,5504,5073,4601,4684,5241,5230,5044,4505,5600,5684,5103,4425,4238,4210,2736,1976,1678
"44","Lancaster","Non-metropolitan District",7402,7994,7427,9887,14457,10438,7393,7548,7139,8799,9667,9327,8062,7858,7693,5362,3978,3815
"45","Pendle","Non-metropolitan District",6224,6394,5697,5010,4550,5821,6235,6136,5380,5956,5943,5801,5253,5132,4704,2969,2135,2065
"46","Preston","Non-metropolitan District",9318,9277,8642,8641,13655,11572,9413,9021,7744,9069,9172,8581,6878,6102,5198,3820,3053,2662
"47","Ribble Valley","Non-metropolitan District",2577,3293,3682,3499,2584,2945,2693,2954,3263,4616,4994,4710,4093,3802,3917,2621,1927,1887
"48","Rossendale","Non-metropolitan District",4082,4580,4395,3860,3427,4272,4348,4405,4374,5331,5474,5028,4251,4030,3755,2215,1601,1467
"49","South Ribble","Non-metropolitan District",6006,6674,6405,5707,5380,6444,6619,6513,6557,7997,8481,7719,6667,6581,6490,4392,3104,2791
"50","West Lancashire","Non-metropolitan District",5548,6421,6473,7312,8637,6790,5431,5386,5693,7835,8381,8043,7033,6744,6827,4825,3541,3029
"51","Wyre","Non-metropolitan District",4943,5556,5991,5540,5068,5717,5432,5559,5290,7253,8334,8352,7635,7865,8165,6029,4398,4096
"52","Merseyside (Met County)","Metropolitan County",82526,83358,76909,79812,100252,103576,94129,86579,76459,91358,97930,96989,84436,75757,69439,49541,38755,35260
"53","Knowsley","Metropolitan District",10076,9630,8784,8344,9182,10587,10046,8846,7598,9596,10721,11096,9552,7710,6270,4481,3792,3260
"54","Liverpool","Metropolitan District",29676,27557,24011,30674,52181,46930,38290,33404,26356,28740,29747,29474,25166,21589,18384,13042,10425,9168
"55","Sefton","Metropolitan District",14441,15647,14942,14181,13546,15868,15265,14800,14387,18250,20466,20868,18703,16653,16211,11999,9860,9309
"56","St. Helens","Metropolitan District",10282,10802,10121,9295,9537,11658,11571,10901,10186,12715,13195,12264,10734,10324,10255,7064,5149,3996
"57","Wirral","Metropolitan District",18051,19722,19051,17318,15806,18533,18957,18628,17932,22057,23801,23287,20281,19481,18319,12955,9529,9527
"58","YORKSHIRE AND THE HUMBER","Region",323296,342349,321562,313165,374859,374820,351808,338371,308946,368895,381215,355531,308462,286051,273954,185527,141919,128885
"59","East Riding of Yorkshire","Unitary Authority",15572,18169,18460,17585,14249,15428,16058,17327,18670,24253,26450,25997,23911,24234,24403,16123,12126,10599
"60","Kingston upon Hull City of","Unitary Authority",17207,17211,14880,13950,21824,23017,19994,16854,14542,16103,16762,15991,13313,11707,10326,6888,5439,4637
"61","North East Lincolnshire","Unitary Authority",9516,10255,9571,8464,8311,10390,10345,9208,8418,10785,11438,11194,9627,8819,8569,5927,4717,4267
"62","North Lincolnshire","Unitary Authority",9204,10578,10319,8943,8448,10052,10713,10191,9373,11795,12916,12382,11042,10596,9692,6585,4756,4420
"63","York","Unitary Authority",9822,10798,10260,14301,23198,16584,13466,12248,11402,13045,13440,12334,10705,10038,10156,6946,5692,5458
"64","North Yorkshire","County",29706,33666,33777,31826,25620,32164,31994,32594,32800,43235,48523,47458,42172,40768,40694,27329,20593,19586
"65","Craven","Non-metropolitan District",2460,2886,3006,2956,2219,2628,2481,2792,2835,4054,4508,4457,4351,4106,4100,2825,2021,2147
"66","Hambleton","Non-metropolitan District",4101,4799,4833,4443,3790,4459,4498,4585,4641,6275,7527,7272,6314,6393,6530,4396,3336,2942
"67","Harrogate","Non-metropolitan District",7755,9229,9715,9105,5522,7699,8102,9086,9543,11966,13126,12206,10359,9570,9859,6772,5372,5547
"68","Richmondshire","Non-metropolitan District",2727,2991,2750,2873,2504,3981,3721,3032,2716,3622,3790,3878,3425,3240,3116,2038,1556,1284
"69","Ryedale","Non-metropolitan District",2425,2766,2852,2760,2454,2550,2570,2616,2702,3771,4395,4370,4090,4053,4003,2684,1964,1895
"70","Scarborough","Non-metropolitan District",5209,5684,5514,5172,5077,5781,5301,5124,5125,6822,8080,8526,8026,8084,8073,5420,4010,3708
"71","Selby","Non-metropolitan District",5029,5311,5107,4517,4054,5066,5321,5359,5238,6725,7097,6749,5607,5322,5013,3194,2334,2063
"72","South Yorkshire (Met County)","Metropolitan County",81026,85811,80960,80107,105878,104962,92760,86314,77107,93795,96671,89278,76828,69582,67948,46799,35251,31841
"73","Barnsley","Metropolitan District",14227,14911,14032,12351,13589,15877,16052,15201,13385,17562,18616,17125,14984,13614,13088,8694,6237,5654
"74","Doncaster","Metropolitan District",18267,19734,18502,16076,16684,20738,21274,19764,17421,20881,22276,21351,18764,16963,15811,10679,8119,7238
"75","Rotherham","Metropolitan District",15832,16730,15762,14624,14322,16733,16717,16020,14437,18663,19347,18041,15750,14345,14335,9793,7074,6146
"76","Sheffield","Metropolitan District",32700,34436,32664,37056,61283,51614,38717,35329,31864,36689,36432,32761,27330,24660,24714,17633,13821,12803
"77","West Yorkshire (Met County)","Metropolitan County",151243,155861,143335,137989,167331,162223,156478,153635,136634,155884,155015,140897,120864,110307,102166,68930,53345,48077
"78","Bradford","Metropolitan District",39705,41189,39277,35518,32418,34222,37010,37559,33267,35367,33604,31238,27336,23672,20169,13812,11393,10417
"79","Calderdale","Metropolitan District",12448,13576,12900,11536,10610,12351,12817,13485,12564,15644,16086,14590,12583,11460,10782,6952,4953,4745
"80","Kirklees","Metropolitan District",27446,29366,27771,25952,27315,28206,27925,28663,26371,31095,30557,27576,23636,22262,20957,13977,10408,9244
"81","Leeds","Metropolitan District",50495,50276,43743,47664,78808,64763,55100,52135,44912,49053,48987,43821,37023,34195,32199,22147,17923,15950
"82","Wakefield","Metropolitan District",21149,21454,19644,17319,18180,22681,23626,21793,19520,24725,25781,23672,20286,18718,18059,12042,8668,7721
"83","EAST MIDLANDS","Region",273555,293162,275923,273717,318412,310058,293911,292697,275021,330618,346715,319161,274168,263141,254965,169047,122870,117008
"84","Derby","Unitary Authority",16674,17889,16478,15661,18493,19191,17867,16686,15048,16782,17231,14989,12309,11082,10791,7532,6270,6201
"85","Leicester","Unitary Authority",25049,24784,22211,24543,40115,32486,26205,23925,20139,20050,19079,18563,15765,13288,10122,7280,5738,5876
"86","Nottingham","Unitary Authority",20755,20257,17906,26256,49059,32794,22692,20451,17104,18323,17956,16026,13290,11234,9563,6590,5391,5422
"87","Rutland","Unitary Authority",1855,1988,2277,2486,1821,2091,1918,2212,2211,2717,2978,2801,2464,2652,2680,1877,1370,1299
"88","Derbyshire","County",40208,44530,43694,40807,40425,46710,45408,45869,45094,59221,64034,57886,50573,48557,48272,31673,22288,20893
"89","Amber Valley","Non-metropolitan District",6277,6988,6731,6446,6218,7247,7051,7361,7260,9635,10136,9189,8162,8054,7986,5140,3422,3375
"90","Bolsover","Non-metropolitan District",4272,4556,4420,4130,4391,4981,4856,4694,4458,6135,6326,5540,4893,4560,4515,2972,2051,1780
"91","Chesterfield","Non-metropolitan District",5360,5906,5503,5222,5827,6596,6367,6309,5912,7633,8150,7409,6513,6163,5964,4037,2915,2842
"92","Derbyshire Dales","Non-metropolitan District",2788,3432,3892,3617,3086,3188,2920,3181,3760,5190,6290,5890,5301,5450,5434,3505,2615,2438
"93","Erewash","Non-metropolitan District",6278,6895,6464,5763,6068,7394,7182,6936,6731,8449,9209,8091,6643,6192,6389,4299,3275,3232
"94","High Peak","Non-metropolitan District",4541,5073,5110,4876,4719,5356,5082,5222,5063,6857,7696,7226,6109,5721,5454,3497,2428,2191
"95","North East Derbyshire","Non-metropolitan District",4846,5306,5315,4881,4898,5513,5351,5302,5433,7255,7986,7393,6943,6683,7096,4800,3290,2834
"96","South Derbyshire","Non-metropolitan District",5846,6374,6259,5872,5218,6435,6599,6864,6477,8067,8241,7148,6009,5734,5434,3423,2292,2201
"97","Leicestershire","County",36916,40779,40047,40356,44024,40557,40210,41586,40351,50199,52479,47803,40671,40354,39183,25626,18932,18195
"98","Blaby","Non-metropolitan District",5655,6206,6120,5132,4869,5822,6472,6445,6045,7120,7492,6875,5778,5590,5575,3758,2880,2587
"99","Charnwood","Non-metropolitan District",9501,10222,9522,12346,18322,12830,10845,10998,9875,12050,12130,11268,9693,9485,8895,5933,4373,4355
"100","Harborough","Non-metropolitan District",4625,5435,5816,5056,3968,4463,4592,5093,5674,7344,7746,6781,5733,5584,5692,3589,2728,2580
"101","Hinckley and Bosworth","Non-metropolitan District",5972,6502,6322,5688,5168,6498,6653,6759,6599,8308,8614,7945,6866,7226,6842,4446,3081,2934
"102","Melton","Non-metropolitan District",2562,2981,2949,2631,2281,2583,2514,2684,2852,3778,4469,3913,3377,3384,3232,2060,1448,1402
"103","North West Leicestershire","Non-metropolitan District",5552,6011,6047,5326,5298,6071,5901,6260,6132,7940,8058,7114,6049,5988,5991,3622,2458,2308
"104","Oadby and Wigston","Non-metropolitan District",3049,3422,3271,4177,4118,2290,3233,3347,3174,3659,3970,3907,3175,3097,2956,2218,1964,2029
"105","Lincolnshire","County",39873,42764,40021,40504,42304,42425,42339,41874,39541,50570,54986,53586,48382,48736,49608,33197,23254,21869
"106","Boston","Non-metropolitan District",4341,4517,3683,3460,3474,4526,4793,4451,3925,4440,4687,4403,4233,4041,3926,2688,1920,1858
"107","East Lindsey","Non-metropolitan District",6258,7092,6889,6347,5843,6502,6260,6197,6247,8929,10323,10997,10968,11715,12212,7871,5259,4832
"108","Lincoln","Non-metropolitan District",5698,5367,4594,7788,13152,8091,6817,6021,5005,5439,5832,5651,4535,4336,3893,2621,2004,2195
"109","North Kesteven","Non-metropolitan District",5974,6721,6338,5979,5153,6361,6898,6664,6267,8318,9006,8198,6962,7137,7629,5461,3710,3209
"110","South Holland","Non-metropolitan District",5183,5379,4892,4566,4460,5055,5501,5336,5201,6245,6941,6593,5925,5974,6174,4272,3224,3059
"111","South Kesteven","Non-metropolitan District",7593,8446,8383,7498,5927,7042,7449,8231,8039,10596,10822,10407,9148,8999,9071,5948,4166,4088
"112","West Lindsey","Non-metropolitan District",4826,5242,5242,4866,4295,4848,4621,4974,4857,6603,7375,7337,6611,6534,6703,4336,2971,2628
"113","Northamptonshire","County",47337,50554,46795,41070,38514,43777,47961,50204,47234,54104,55590,49187,41389,39539,37932,23599,16730,16106
"114","Corby","Non-metropolitan District",5124,5400,4541,3753,3468,4760,5549,5581,4527,4679,5073,4629,3723,3112,2708,1835,1307,1058
"115","Daventry","Non-metropolitan District",4464,5083,5059,4533,4043,4628,4481,4824,4999,6372,7096,6248,5384,5164,5040,3011,2136,1919
"116","East Northamptonshire","Non-metropolitan District",5108,5600,5999,5411,4317,4781,5072,5489,5674,7173,7515,6617,5596,5796,5541,3371,2437,2409
"117","Kettering","Non-metropolitan District",6419,6876,6354,5486,4801,6047,6488,6716,6503,7588,7490,6381,5474,5424,5333,3304,2291,2291
"118","Northampton","Non-metropolitan District",16226,16281,14003,12571,14251,14733,16727,17086,14692,15144,14964,13268,10973,10183,9293,5968,4365,4418
"119","South Northamptonshire","Non-metropolitan District",5003,5771,5790,4977,3792,4633,4714,5427,5926,7417,7638,6842,5639,5422,5652,3342,2337,2193
"120","Wellingborough","Non-metropolitan District",4993,5543,5049,4339,3842,4195,4930,5081,4913,5731,5814,5202,4600,4438,4365,2768,1857,1818
"121","Nottinghamshire","County",44888,49617,46494,42034,43657,50027,49311,49890,48299,58652,62382,58320,49325,47699,46814,31673,22897,21147
"122","Ashfield","Non-metropolitan District",7438,7989,7252,6738,6935,8295,8231,7848,7252,9221,9564,8876,7137,6995,6688,4838,3180,2674
"123","Bassetlaw","Non-metropolitan District",6361,6813,6436,5955,6121,6538,6225,6473,6578,8307,9325,8678,7517,7211,7139,4763,3351,3048
"124","Broxtowe","Non-metropolitan District",5839,6505,6027,5638,6700,7387,7341,6977,6737,7845,8221,7709,6539,6501,6639,4374,3216,3077
"125","Gedling","Non-metropolitan District",6223,6956,6704,6045,5752,7157,7045,7423,7200,8477,8919,8343,6957,6969,6571,4469,3583,2993
"126","Mansfield","Non-metropolitan District",6569,6817,5985,5287,5827,7108,7363,7069,6036,7470,8120,7789,6630,6055,5596,3808,2751,2561
"127","Newark and Sherwood","Non-metropolitan District",6388,7282,6873,6392,6127,7051,6811,6738,6788,8684,9422,8804,7726,7354,7479,4982,3440,3225
"128","Rushcliffe","Non-metropolitan District",6070,7255,7217,5979,6195,6491,6295,7362,7708,8648,8811,8121,6819,6614,6702,4439,3376,3569
"129","WEST MIDLANDS","Region",359396,377775,357155,341305,392374,409089,381703,368351,337608,395018,406024,369143,316580,298751,288735,206040,152043,143667
"130","Herefordshire County of","Unitary Authority",9337,10757,10251,9407,8913,10804,10921,10886,9905,12682,14507,13945,13167,12979,12463,8573,6430,6180
"131","Shropshire","Unitary Authority",15034,16797,17492,17045,14923,17076,17159,17132,17215,22308,24854,24064,21387,21250,21289,14622,10540,10087
"132","Stoke-on-Trent","Unitary Authority",17135,17143,15303,14242,17820,18866,18169,16407,14007,16779,16809,15679,14027,12630,11804,8191,5807,5015
"133","Telford and Wrekin","Unitary Authority",11022,12264,11251,10342,11205,11150,11424,11761,10551,12675,12959,11306,9648,9197,8274,5750,3857,3163
"134","Staffordshire","County",44389,49041,48609,46100,49006,53485,50638,50872,49552,63085,66868,61380,53286,51864,52498,36601,25437,22508
"135","Cannock Chase","Non-metropolitan District",5378,5832,5673,5240,5513,6536,6723,6335,5713,7692,7901,6830,5799,5363,5264,3599,2439,2279
"136","East Staffordshire","Non-metropolitan District",7247,7529,6948,6364,6223,7333,7294,7656,6801,8452,9010,8198,6838,6271,6143,4317,3077,2873
"137","Lichfield","Non-metropolitan District",5004,5779,5757,5472,5329,5462,5506,5719,6164,7505,8051,7167,6400,6310,7253,5034,3207,2846
"138","Newcastle-under-Lyme","Non-metropolitan District",6169,6812,6853,7540,10371,9490,7563,7359,7275,8549,9032,8612,7503,7230,7160,4830,3750,3392
"139","South Staffordshire","Non-metropolitan District",5041,5556,5824,5602,5972,6309,5705,5838,5963,7947,9006,8695,7430,7278,7372,5493,3849,3246
"140","Stafford","Non-metropolitan District",6724,7478,7569,6601,6802,8629,7929,8032,7751,9787,10517,9579,8211,8285,8264,5960,4113,3649
"141","Staffordshire Moorlands","Non-metropolitan District",4302,5153,5351,5108,4537,4991,4760,4992,5422,7454,7963,7358,6580,6786,6946,4687,3270,2737
"142","Tamworth","Non-metropolitan District",4524,4902,4634,4173,4259,4735,5158,4941,4463,5699,5388,4941,4525,4341,4096,2681,1732,1486
"143","Warwickshire","County",31584,33742,32335,30358,33010,36024,33303,34726,33804,40334,42186,38597,32763,31715,32468,21973,16284,15804
"144","North Warwickshire","Non-metropolitan District",3354,3711,3465,3358,3197,3789,3795,3516,3689,4768,5111,4851,4167,3948,3970,2611,1848,1702
"145","Nuneaton and Bedworth","Non-metropolitan District",7983,8268,7538,6789,6924,8171,8439,8292,7458,8920,9568,8405,7389,7159,6906,4578,3266,2849
"146","Rugby","Non-metropolitan District",6561,7011,6712,5919,5047,6142,7051,7356,6820,7857,7722,7055,5580,5272,5568,3917,2820,2784
"147","Stratford-on-Avon","Non-metropolitan District",6165,6728,7011,6376,5634,6229,6219,6699,7119,9168,10017,9559,8290,8261,9042,5944,4631,4488
"148","Warwick","Non-metropolitan District",7521,8024,7609,7916,12208,11693,7799,8863,8718,9621,9768,8727,7337,7075,6982,4923,3719,3981
"149","West Midlands (Met County)","Metropolitan County",199547,203663,188475,183229,226777,227657,207167,192221,168566,185705,183356,163555,135657,122100,113594,85978,66015,63196
"150","Birmingham","Metropolitan District",83536,83354,78407,79682,104627,96630,83027,77134,66599,68260,65745,58417,48012,41140,36104,27271,21729,21700
"151","Coventry","Metropolitan District",23068,24171,20649,23635,41100,37377,29278,23604,20051,20514,20074,18216,15080,13469,12859,9554,7166,6920
"152","Dudley","Metropolitan District",19102,20084,19275,17575,17474,19851,20115,19710,17891,22796,23415,20467,17696,17310,17177,12819,9597,8272
"153","Sandwell","Metropolitan District",23772,24367,21918,19205,19588,23048,24489,23360,20171,21846,22054,18814,15488,13516,12261,9712,7178,6591
"154","Solihull","Metropolitan District",12393,13695,13419,11932,10903,12405,12039,12685,12410,15323,15813,14778,11888,11665,12054,8340,6429,6738
"155","Walsall","Metropolitan District",19650,19733,18494,16795,16654,19194,19270,18277,15870,19010,18915,17236,14414,13250,12663,9930,7465,6558
"156","Wolverhampton","Metropolitan District",18026,18259,16313,14405,16431,19152,18949,17451,15574,17956,17340,15627,13079,11750,10476,8352,6451,6417
"157","Worcestershire","County",31348,34368,33439,30582,30720,34027,32922,34346,34008,41450,44485,40617,36645,37016,36345,24352,17673,17714
"158","Bromsgrove","Non-metropolitan District",5163,5803,5831,4961,4441,5306,5328,5745,5991,7252,7803,6840,6030,5822,5811,4085,3145,3305
"159","Malvern Hills","Non-metropolitan District",3317,4054,4258,3975,3291,3449,3247,3636,4060,5191,6217,6090,5502,5732,5852,4006,3061,3175
"160","Redditch","Non-metropolitan District",5328,5530,5276,4443,4342,5539,5721,6243,5260,5832,5757,5199,5069,5081,4324,2605,1745,1695
"161","Worcester","Non-metropolitan District",5771,6126,5725,6025,8369,7900,6531,6623,6127,6981,6994,6251,5170,4881,4503,3167,2390,2357
"162","Wychavon","Non-metropolitan District",6307,7144,7023,6270,5457,6211,6454,6714,6893,9092,10030,9499,8702,8722,8735,5800,4054,4233
"163","Wyre Forest","Non-metropolitan District",5462,5711,5326,4908,4820,5622,5641,5385,5677,7102,7684,6738,6172,6778,7120,4689,3278,2949
"164","EAST","Region",372157,395350,366209,332849,341072,374273,393402,402459,381207,427928,444915,403533,347385,328146,330259,220423,170099,169548
"165","Bedford","Unitary Authority",11509,11706,10747,9792,8916,9634,10974,12003,11239,12019,12500,11036,9319,8369,7945,5290,4258,4367
"166","Central Bedfordshire","Unitary Authority",17751,18569,16880,14451,13088,17054,19559,19916,18492,20480,21287,19455,16022,14503,14163,9053,6865,6018
"167","Luton","Unitary Authority",17547,17052,14821,12873,12892,16130,18739,17096,13826,13015,12912,11573,9013,7475,6299,4899,4271,3676
"168","Peterborough","Unitary Authority",15931,15702,12825,10684,10497,14116,16168,15307,13088,13339,13021,11296,9557,8574,7681,5118,4053,4084
"169","Southend-on-Sea","Unitary Authority",11304,11716,10716,9371,9481,10344,11683,12762,12013,13311,13178,11852,9635,9281,9451,6232,4820,5313
"170","Thurrock","Unitary Authority",13195,12953,11707,9630,9201,11364,13282,13132,12199,12336,11982,9895,7861,7205,6595,4203,2998,2787
"171","Cambridgeshire","County",37295,40361,37150,36962,43724,40545,40029,41990,40775,45748,46667,41651,35821,33957,33323,22114,16545,16825
"172","Cambridge","Non-metropolitan District",6865,7157,6256,9412,20076,12077,8068,7780,6913,7020,7005,5872,5135,4445,3841,2762,2311,2763
"173","East Cambridgeshire","Non-metropolitan District",5104,6145,5493,4714,3777,4418,5265,6213,6010,6687,6655,5891,5148,4935,4946,3184,2399,2378
"174","Fenland","Non-metropolitan District",5936,5833,5336,5101,5412,6068,6121,5820,5396,6843,7322,6919,6376,6271,6244,4169,3122,3202
"175","Huntingdonshire","Non-metropolitan District",10141,10775,9910,9110,8170,10558,11435,11308,11134,13159,13600,12512,10331,9975,9912,6470,4604,4248
"176","South Cambridgeshire","Non-metropolitan District",9249,10451,10155,8625,6289,7424,9140,10869,11322,12039,12085,10457,8831,8331,8380,5529,4109,4234
"177","Essex","County",85981,91019,86038,78960,79532,88841,88839,90736,89320,103185,108464,98546,85003,80901,84301,55055,41984,41059
"178","Basildon","Non-metropolitan District",12642,12597,11426,10202,10077,12147,12918,12640,11717,12874,13114,11771,9815,8676,8659,5734,4610,4243
"179","Braintree","Non-metropolitan District",8564,9614,9229,8056,7038,8420,9202,9267,9391,11217,11724,10291,9073,8553,8629,5424,3872,3997
"180","Brentwood","Non-metropolitan District",4402,4460,4560,4135,3750,4350,4527,4751,4997,5455,6003,5365,4234,3804,4094,2687,2386,2590
"181","Castle Point","Non-metropolitan District",4471,4947,4850,4737,4686,4999,4663,4701,4857,6020,6546,6204,5655,5903,6560,4450,3135,2686
"182","Chelmsford","Non-metropolitan District",10252,10938,10637,9329,9246,10853,11690,11820,11676,12826,12875,11295,9763,8963,9460,5953,4830,4673
"183","Colchester","Non-metropolitan District",11435,12074,10738,11303,15118,15310,12966,12562,11812,12822,12841,11112,9261,9238,9301,5972,4387,4271
"184","Epping Forest","Non-metropolitan District",7957,8083,7453,6664,6641,7984,7855,8473,8268,9518,10028,9064,7416,6673,6874,4651,3569,3966
"185","Harlow","Non-metropolitan District",6588,6475,5448,4537,4738,5616,6629,6509,5438,5559,5796,5420,4556,3631,3283,2381,1969,2021
"186","Maldon","Non-metropolitan District",2996,3445,3454,3370,2924,3041,2866,3180,3527,4697,5422,4872,4566,4524,4719,2900,2048,1874
"187","Rochford","Non-metropolitan District",4159,4842,4998,4601,4577,4631,4445,4847,5161,6480,6739,6193,5282,5212,5701,3707,2856,2550
"188","Tendring","Non-metropolitan District",7294,7853,7536,7026,6795,7158,6391,6463,6733,8794,10213,10398,10080,10943,12245,8124,5978,5779
"189","Uttlesford","Non-metropolitan District",5221,5691,5709,5000,3942,4332,4687,5523,5743,6923,7163,6561,5302,4781,4776,3072,2344,2409
"190","Hertfordshire","County",74764,80867,74386,64943,62623,71463,77536,85282,81675,84939,86599,76332,61714,53356,51972,35968,29524,30422
"191","Broxbourne","Non-metropolitan District",6309,6389,5830,5374,5241,6045,6344,6732,6023,6737,7306,6196,5045,4368,4615,3280,2675,2367
"192","Dacorum","Non-metropolitan District",10044,10411,9291,8078,7211,9082,10577,11218,10535,11196,10996,10448,8714,7376,6815,4591,3630,4067
"193","East Hertfordshire","Non-metropolitan District",8458,9560,9467,8428,6434,7939,8647,9922,10470,11594,12038,10400,8220,7225,7087,4793,3725,3698
"194","Hertsmere","Non-metropolitan District",6755,7287,6860,5778,5136,5904,6286,7073,6970,7191,7654,6855,5515,4936,4888,3345,2791,2981
"195","North Hertfordshire","Non-metropolitan District",8009,8897,7923,6769,5815,7323,8376,9638,9398,9804,10027,8764,7228,6665,6497,4599,3775,3707
"196","St Albans","Non-metropolitan District",9507,11171,10596,7963,5721,7444,8554,10764,11673,11403,11111,9116,7324,6563,6504,4419,3625,3915
"197","Stevenage","Non-metropolitan District",5891,6086,5257,4561,4963,6227,6816,6431,5337,5947,6482,5809,4606,3572,3346,2386,2062,1975
"198","Three Rivers","Non-metropolitan District",5430,6318,6145,5113,4198,5166,5146,6603,6745,6898,7073,6258,5061,4395,4424,2955,2502,2615
"199","Watford","Non-metropolitan District",7108,7082,6247,5194,4820,6678,8169,8681,7445,6756,6315,5325,4296,3467,3132,2285,1861,1906
"200","Welwyn Hatfield","Non-metropolitan District",7253,7666,6770,7685,13084,9655,8621,8220,7079,7413,7597,7161,5705,4789,4664,3315,2878,3191
"201","Norfolk","County",46256,50533,47458,46210,53223,51314,52017,50563,47591,58555,63410,60793,56497,57515,60357,40474,30594,30320
"202","Breckland","Non-metropolitan District",7491,8006,7359,6664,7000,7699,7996,7743,7213,9149,10034,9656,8835,9076,9598,6279,4859,4672
"203","Broadland","Non-metropolitan District",5943,7002,6936,6507,5660,6042,6588,7229,7370,9381,9935,9275,8392,8547,9136,6124,4777,4620
"204","Great Yarmouth","Non-metropolitan District",5447,5750,5493,5284,5381,5512,5823,5288,4924,6243,7086,6713,6406,6462,6755,4503,3099,3201
"205","King's Lynn and West Norfolk","Non-metropolitan District",8188,8767,8061,7189,7109,7720,8606,8109,7710,9704,10832,10630,10002,10304,10803,7507,5474,5096
"206","North Norfolk","Non-metropolitan District",4132,4734,4760,4447,4308,4388,4611,4527,4601,6190,7418,7964,8159,8864,9389,6179,4918,4963
"207","Norwich","Non-metropolitan District",7877,8010,6867,8953,17951,13279,11055,9501,7591,8069,7946,7021,6067,5626,5397,3771,2855,3301
"208","South Norfolk","Non-metropolitan District",7178,8264,7982,7166,5814,6674,7338,8166,8182,9819,10159,9534,8636,8636,9279,6111,4612,4467
"209","Suffolk","County",40624,44872,43481,38973,37895,43468,44576,43672,40989,51001,54895,51104,46943,47010,48172,32017,24187,24677
"210","Babergh","Non-metropolitan District",4217,4898,5386,4878,3976,4133,4209,4616,4928,6618,7151,6587,6048,6307,6679,4372,3163,3235
"211","Forest Heath","Non-metropolitan District",5034,4715,3380,3072,4762,5485,5314,4222,3025,3387,3998,3851,3336,3201,3212,2120,1638,1647
"212","Ipswich","Non-metropolitan District",9296,9077,8141,7302,8205,10233,10708,9974,8483,9105,9008,8118,7260,6387,5721,3876,3253,3385
"213","Mid Suffolk","Non-metropolitan District",4597,5635,5947,5258,4498,5218,5257,5668,5552,7313,8128,7482,7029,6984,6991,4603,3230,3103
"214","St Edmundsbury","Non-metropolitan District",5868,6800,6624,5750,5549,6551,7410,6978,6282,8099,8268,7292,6378,6552,7081,4800,3506,3694
"215","Suffolk Coastal","Non-metropolitan District",5683,6964,7594,6775,5192,5660,5598,6265,6806,8966,9911,9732,9270,9465,9610,6417,4905,5125
"216","Waveney","Non-metropolitan District",5929,6783,6409,5938,5713,6188,6080,5949,5913,7513,8431,8042,7622,8114,8878,5829,4492,4488
"217","LONDON","Region",615881,599855,524126,464768,563241,784361,849074,783331,646347,596141,564205,479470,378068,309586,265847,189753,147303,146724
"218","Camden","London Borough",14039,15567,13704,14310,22483,29401,26716,22424,17888,16798,15027,12380,10321,9041,8202,5597,3964,4364
"219","City of London","London Borough",435,474,367,304,704,831,562,599,487,610,685,584,500,488,390,288,177,221
"220","Hackney","London Borough",20326,18511,16219,13874,16576,30431,38848,30851,20265,16510,15035,12068,9046,6891,5271,3598,2805,2540
"221","Hammersmith and Fulham","London Borough",11404,11408,9335,7877,14481,19161,19686,16523,14332,12965,11821,9342,7238,5932,5245,3639,2526,2511
"222","Haringey","London Borough",18586,16986,15906,14657,16877,23579,26688,26214,21677,19349,17793,14277,10709,8753,6878,4769,3735,3191
"223","Islington","London Borough",13127,12355,10693,11379,26373,32931,29419,20844,15080,13818,13025,10968,8127,6390,5471,3791,2741,2610
"224","Kensington and Chelsea","London Borough",8223,8749,7736,6705,9373,12137,12798,14032,12323,11226,10977,9679,7758,7136,6571,4563,3112,3099
"225","Lambeth","London Borough",19213,18405,16332,14087,22802,43622,43945,30924,22286,19961,19832,16109,11479,8381,6403,4861,3641,3634
"226","Lewisham","London Borough",21814,20375,17386,14710,18647,28039,30756,30017,23774,21507,19666,16446,11918,8494,6887,5181,4061,3858
"227","Newham","London Borough",28254,24966,21376,20235,27044,38223,41207,33145,23616,21339,18814,15617,11940,8771,6320,4662,3529,2947
"228","Southwark","London Borough",20500,19709,16362,15027,22997,37976,37558,29006,22616,20463,19654,17000,12021,8294,6566,4743,3403,3361
"229","Tower Hamlets","London Borough",22208,21062,17990,16741,27673,41057,43684,32458,23122,17584,14157,11132,8906,6739,4623,3461,2621,2487
"230","Wandsworth","London Borough",21875,19602,14938,12639,20546,39783,43390,34798,24373,20402,17871,14234,11019,9342,7760,5723,4226,3953
"231","Westminster","London Borough",13692,14739,12201,12409,17954,23884,26896,24950,19786,17266,16112,13184,10898,9437,7861,5492,4283,4280
"232","Barking and Dagenham","London Borough",19519,19188,16383,13115,13279,16243,18100,16829,15248,14025,12394,10288,7632,5828,4699,3405,2760,3063
"233","Barnet","London Borough",26512,27839,25061,21030,21648,28724,31978,32116,28407,27485,25599,21577,17943,15721,14261,9720,7771,8748
"234","Bexley","London Borough",15989,16465,15668,13989,14034,17353,16713,17742,15743,16961,17752,15804,12281,10525,10179,7543,6179,6338
"235","Brent","London Borough",24582,22447,19682,18634,22193,26365,29779,27537,22801,21403,20662,19103,15615,12235,9559,7228,5694,5276
"236","Bromley","London Borough",21559,22263,20268,16905,14676,19200,22007,25475,24193,24488,24647,20969,16660,15076,15031,10432,8364,8883
"237","Croydon","London Borough",27974,27394,25426,22081,19551,26071,29607,30018,26983,26361,27842,24745,19139,15151,13131,9267,7520,7085
"238","Ealing","London Borough",24600,24470,21248,18604,18965,25140,28250,28864,25744,24456,22596,19199,16105,13434,10401,7846,6248,5812
"239","Enfield","London Borough",24321,24947,22955,19611,18837,24898,25713,25375,22598,22828,23212,19675,14996,12214,10864,8313,6403,6109
"240","Greenwich","London Borough",21953,20584,17464,15038,18022,24724,26840,26274,22191,19423,17738,14881,11274,8843,7885,5267,3968,3817
"241","Harrow","London Borough",17745,16783,15080,13767,13528,17457,19119,19467,17210,16432,15926,15278,13155,11190,9598,6996,5740,5678
"242","Havering","London Borough",17370,16510,15098,13909,14549,17862,18268,17882,15667,16492,17739,16362,13666,11968,11796,8302,6938,7432
"243","Hillingdon","London Borough",22489,21776,18910,17639,20324,22959,23809,24558,21302,19778,19510,17264,13872,11157,10256,7313,6149,5759
"244","Hounslow","London Borough",20363,19871,16234,13927,15349,20509,23996,24457,21140,18339,17155,14644,12192,10234,8198,5884,4422,3868
"245","Kingston upon Thames","London Borough",11291,11896,10478,9047,11942,13087,13632,14705,13486,12742,11376,9778,7825,6931,6193,4261,3141,3659
"246","Merton","London Borough",14994,14324,11905,9427,10526,15206,18417,20163,16280,14608,13771,11456,9106,7748,6331,4737,3550,3637
"247","Redbridge","London Borough",22744,21677,20207,18198,17854,23142,25448,25384,22379,19914,18668,16429,13792,11174,9287,6786,5263,5512
"248","Richmond upon Thames","London Borough",12624,14297,12290,9695,8064,9806,12669,16588,17009,16158,14746,12298,9911,8872,8335,5321,3816,4405
"249","Sutton","London Borough",13754,14506,12783,10715,9653,11672,14636,17278,15689,15286,15049,12449,9906,8461,8186,5554,4457,4491
"250","Waltham Forest","London Borough",21802,19710,16441,14483,15717,22888,27940,25834,20652,19164,17354,14251,11118,8735,7209,5210,4096,4096
"251","SOUTH EAST","Region",527245,579842,547098,513034,538488,547732,548383,588935,572560,640050,663498,599161,505834,471566,473122,320361,243834,252882
"252","Bracknell Forest","Unitary Authority",7417,8472,7842,7304,6185,7400,8571,9394,8625,9194,9238,8061,6381,5230,4792,2958,2423,2189
"253","Brighton and Hove","Unitary Authority",13768,14713,14208,17765,33513,28361,21239,20463,18679,20549,20331,15976,12326,10548,9963,6660,5263,6070
"254","Isle of Wight","Unitary Authority",6462,7031,7183,6989,6640,6679,6774,6762,6924,9199,10728,10568,10305,10514,11112,7309,5068,5291
"255","Medway","Unitary Authority",18494,18864,17280,16259,16866,20174,19539,18694,16952,18853,19496,17723,14452,12943,12463,7968,5777,5058
"256","Milton Keynes","Unitary Authority",19048,21235,18580,14606,12933,16159,20142,22406,20305,18994,17852,15750,13565,12119,9870,6374,4359,4310
"257","Portsmouth","Unitary Authority",12735,13187,11923,13800,24455,19154,15700,13673,11803,13256,13370,12251,9567,8201,8148,5436,4225,4249
"258","Reading","Unitary Authority",11632,11198,9411,9647,14484,13985,12984,13157,10953,10543,10046,8376,6767,5523,5093,3615,2873,2916
"259","Slough","Unitary Authority",12827,13027,11309,8614,7909,9292,12213,14394,12021,10148,8815,7508,6179,4846,3420,2678,1969,1943
"260","Southampton","Unitary Authority",15766,15475,12880,16193,32855,25059,18318,17052,14107,13618,14164,12913,10888,9453,8732,6021,4428,4874
"261","West Berkshire","Unitary Authority",8980,10315,10230,9478,6978,8178,8878,9669,10558,12273,12438,11252,9381,8562,8336,5440,3872,3709
"262","Windsor and Maidenhead","Unitary Authority",8678,9852,10048,8966,6238,7734,9042,10494,10827,11685,11466,9994,7850,7241,7331,5077,4020,4363
"263","Wokingham","Unitary Authority",9822,12239,11347,9847,7522,7873,9669,11731,12560,13060,12544,11130,9114,7852,8001,5418,4199,4051
"264","Buckinghamshire","County",32404,36951,35462,30427,25410,28909,30711,35363,36153,39960,40968,36286,30018,26888,26426,18653,14581,14489
"265","Aylesbury Vale","Non-metropolitan District",12520,13796,12714,11171,9826,11949,13072,13911,13474,14535,15130,13113,10832,9667,9007,6066,4413,4252
"266","Chiltern","Non-metropolitan District",5093,6651,6906,5419,3763,4144,3791,5428,6643,7294,7577,7054,5647,5000,5293,3751,3267,3206
"267","South Bucks","Non-metropolitan District",3844,4580,4365,3618,3059,3394,3775,4344,4178,5254,5472,5169,4232,3646,3592,2750,2290,2481
"268","Wycombe","Non-metropolitan District",10947,11924,11477,10219,8762,9422,10073,11680,11858,12877,12789,10950,9307,8575,8534,6086,4611,4550
"269","East Sussex","County",27106,31167,30481,28805,26125,26861,27299,29672,29273,37358,42151,39812,36119,36566,38784,25524,19658,21829
"270","Eastbourne","Non-metropolitan District",5431,5952,5395,5514,5639,5298,5574,6191,5728,6645,7141,6871,6061,6225,6690,4433,3833,4539
"271","Hastings","Non-metropolitan District",5438,5668,5165,5008,5219,5539,5726,5604,5287,6466,7227,6437,5704,5274,5169,3057,2278,2589
"272","Lewes","Non-metropolitan District",4868,5898,5865,5541,4458,4744,4941,5675,5632,7108,7903,7312,6558,6731,6858,4813,3644,4195
"273","Rother","Non-metropolitan District",3806,4801,4799,4417,4061,4087,3868,4044,4219,5902,7011,7171,6970,7589,8397,5592,4286,4636
"274","Wealden","Non-metropolitan District",7563,8848,9257,8325,6748,7193,7190,8158,8407,11237,12869,12021,10826,10747,11670,7629,5617,5870
"275","Hampshire","County",74388,83854,80567,74418,67946,74852,78000,82573,83678,98110,103829,96759,81889,77787,80141,54139,41229,42157
"276","Basingstoke and Deane","Non-metropolitan District",10860,11958,10631,9301,8502,10031,11661,12494,11887,13253,13522,11933,9455,8591,8500,5539,3949,3662
"277","East Hampshire","Non-metropolitan District",5964,7153,7334,6734,5501,5469,5414,6398,7109,8976,9593,9207,7830,7310,7630,5171,3886,4002
"278","Eastleigh","Non-metropolitan District",7502,8444,7947,6852,6308,8062,8409,8736,8464,9346,9544,8900,7628,7079,6820,4643,3554,3581
"279","Fareham","Non-metropolitan District",5564,6463,6399,6174,5626,6066,6423,6632,6651,8439,8945,8598,7145,6923,7410,5071,3946,3864
"280","Gosport","Non-metropolitan District",4682,5190,5072,4903,4793,5470,5300,5179,4854,5735,6150,5886,5005,4747,4730,2961,2319,2307
"281","Hart","Non-metropolitan District",5442,6448,6276,5254,3894,4681,5252,6253,6996,7553,7618,6533,5193,4828,5251,3702,2624,2495
"282","Havant","Non-metropolitan District",6659,7164,7055,6819,6780,7251,6986,6684,6360,8236,9248,9178,8041,7496,7877,5398,4192,4389
"283","New Forest","Non-metropolitan District",7816,9510,9403,8729,7719,8209,8135,8495,9163,11719,13370,13261,12327,12887,13698,9371,7517,8424
"284","Rushmoor","Non-metropolitan District",6486,6122,5490,4819,5404,6882,7582,7207,6792,7051,6998,5951,4529,3913,3767,2582,1854,1713
"285","Test Valley","Non-metropolitan District",7106,7841,7249,6474,5382,6601,6906,7552,7702,9236,9689,8940,7499,7187,7493,4914,3770,3628
"286","Winchester","Non-metropolitan District",6307,7561,7711,8359,8037,6130,5932,6943,7700,8566,9152,8372,7237,6826,6965,4787,3618,4092
"287","Kent","County",91425,99580,95738,88851,88941,92598,92897,96137,92367,108932,114746,103087,88833,85156,87039,57393,42206,42697
"288","Ashford","Non-metropolitan District",8077,8782,8342,7336,6238,7537,7685,7744,7875,9426,9886,8459,6923,6850,7119,4606,3174,3222
"289","Canterbury","Non-metropolitan District",7428,8470,8503,12227,19767,12843,8359,7922,7556,9356,10193,9519,8836,8884,9091,6157,4451,4991
"290","Dartford","Non-metropolitan District",8079,7878,7054,5713,5555,7353,9025,8893,7523,7830,7596,6444,5115,4273,4060,2815,2240,2263
"291","Dover","Non-metropolitan District",6015,6625,6593,6017,5941,6325,6422,6310,6168,7851,8886,8603,7991,7574,7744,4848,3552,3504
"292","Folkestone and Hythe","Non-metropolitan District",5575,6425,5981,5541,5432,6174,6018,6259,6130,7784,8488,8077,7164,7548,7795,4923,3493,3771
"293","Gravesham","Non-metropolitan District",7159,7230,6906,6134,5502,6641,7227,7010,6530,7635,7474,6943,5544,4943,4815,3455,2754,2483
"294","Maidstone","Non-metropolitan District",10707,10998,10216,9006,8597,10303,11022,11260,10349,12074,12659,10995,9206,8729,9053,5973,4549,4259
"295","Sevenoaks","Non-metropolitan District",6913,8127,7777,6384,5112,5817,6155,7455,7880,8609,9268,8146,6866,6904,6979,4614,3561,3726
"296","Swale","Non-metropolitan District",9188,9923,9211,8229,8193,9113,9045,9280,8376,10043,11101,9813,8630,8068,8279,5226,3553,3248
"297","Thanet","Non-metropolitan District",8114,8776,8467,7560,7423,7770,7846,7996,7376,9041,9788,9522,8914,9032,9332,6076,4345,4441
"298","Tonbridge and Malling","Non-metropolitan District",7799,8598,8551,7830,6250,7037,7137,8233,8616,9968,10039,8762,7151,6468,6818,4664,3496,3091
"299","Tunbridge Wells","Non-metropolitan District",6371,7748,8137,6874,4931,5685,6956,7775,7988,9315,9368,7804,6493,5883,5954,4036,3038,3698
"300","Oxfordshire","County",39398,42783,40453,40021,49678,44772,43131,45310,41766,46432,48411,43672,36270,33692,33070,23221,17597,17847
"301","Cherwell","Non-metropolitan District",9332,9687,9095,7945,6802,8321,10374,10932,9695,10685,11215,9956,8163,7565,7034,4964,3782,3614
"302","Oxford","Non-metropolitan District",8348,9015,8399,11614,25949,15781,9763,9781,8023,7788,8097,7025,5977,5272,4633,3365,2559,2938
"303","South Oxfordshire","Non-metropolitan District",7938,8835,8611,7532,5942,7124,7828,8903,8925,10621,11065,9752,8106,7475,7940,5618,4242,4047
"304","Vale of White Horse","Non-metropolitan District",7937,8274,8031,7338,6213,7360,8590,8775,8605,9426,9752,9132,7535,7134,7125,4871,3811,3823
"305","West Oxfordshire","Non-metropolitan District",5843,6972,6317,5592,4772,6186,6576,6919,6518,7912,8282,7807,6489,6246,6338,4403,3203,3425
"306","Surrey","County",70074,77727,73352,67525,64420,65176,65459,78598,82700,87542,89071,79245,64318,58281,58417,40641,32255,35133
"307","Elmbridge","Non-metropolitan District",9118,10473,9285,7471,5099,5285,6270,9457,10905,11092,10725,9420,7041,6483,6342,4364,3597,4199
"308","Epsom and Ewell","Non-metropolitan District",5102,5464,4981,4791,3905,4075,4398,5541,5829,5969,5921,5247,4053,3968,3786,2717,2063,2118
"309","Guildford","Non-metropolitan District",7438,8757,8530,9606,14373,11915,8910,8857,9135,9746,9894,8790,7456,6574,6485,4337,3413,3673
"310","Mole Valley","Non-metropolitan District",4239,5120,5248,4783,3653,3877,3855,4714,5572,6454,7210,6635,5571,5033,5404,3696,2991,3198
"311","Reigate and Banstead","Non-metropolitan District",9451,10112,9114,7677,6499,8137,8997,10878,10811,10775,11133,9607,7845,7084,6983,4673,3629,4352
"312","Runnymede","Non-metropolitan District",4917,4945,4570,5443,8350,7317,5331,5323,5499,5692,5967,5418,4365,3780,3858,2696,2239,2290
"313","Spelthorne","Non-metropolitan District",6374,6339,5753,4920,4758,5484,6227,7373,6831,7307,7303,6855,5351,4747,4715,3500,2813,2684
"314","Surrey Heath","Non-metropolitan District",4773,5612,5588,4936,4225,4604,4679,5620,5986,7082,7075,6270,5073,4378,4534,3306,2591,2542
"315","Tandridge","Non-metropolitan District",5063,5440,5365,4804,3758,4267,4798,5603,5507,6413,7025,6170,5143,4740,4908,3260,2416,2816
"316","Waverley","Non-metropolitan District",6907,8212,8340,7935,5645,4885,5646,7381,8499,9575,9505,8471,7095,6751,7096,5085,4054,4528
"317","Woking","Non-metropolitan District",6692,7253,6578,5159,4155,5330,6348,7851,8126,7437,7313,6362,5325,4743,4306,3007,2449,2733
"318","West Sussex","County",46821,52172,48804,43519,39390,44516,47817,53393,52309,60344,63834,58798,51612,50164,51984,35836,27832,29707
"319","Adur","Non-metropolitan District",3601,3956,3494,3143,2807,2989,3458,3952,4114,4676,4743,4199,3767,3841,3969,2843,2185,2132
"320","Arun","Non-metropolitan District",7732,8696,7821,7213,7165,7930,7915,8299,8101,10358,11428,10957,10346,11319,12376,8668,6647,6856
"321","Chichester","Non-metropolitan District",5705,6627,6395,6042,6551,5757,5376,5850,6221,7733,8894,8805,8262,8046,8598,6133,4710,5045
"322","Crawley","Non-metropolitan District",8006,8294,7118,5989,5816,7763,9054,9751,7979,7875,7536,6666,5553,4426,3786,2460,1997,2379
"323","Horsham","Non-metropolitan District",7338,8315,8587,7734,6013,6955,7189,8297,8610,10233,11486,10615,8864,8481,8467,5915,4537,4581
"324","Mid Sussex","Non-metropolitan District",8584,9790,9256,8061,6187,7200,8384,10095,10196,11417,11418,10088,8544,7977,8297,5398,4195,4629
"325","Worthing","Non-metropolitan District",5855,6494,6133,5337,4851,5922,6441,7149,7088,8052,8329,7468,6276,6074,6491,4419,3561,4085
"326","SOUTH WEST","Region",296357,325087,307217,304286,339333,336927,327070,327399,311220,373652,402594,379723,338670,332624,333053,225441,167403,171679
"327","Bath and North East Somerset","Unitary Authority",9426,10502,10146,13605,21211,14707,10061,10127,9890,12031,12660,11527,9953,9499,9605,6569,5222,5365
"328","Bournemouth","Unitary Authority",10832,11154,9297,10999,17690,12655,13476,14399,12123,12455,12869,11342,9837,9075,9054,6109,4994,5995
"329","Bristol City of","Unitary Authority",28994,28151,24284,26219,51020,50912,41042,33699,26963,25604,25233,22355,18979,16734,15083,10849,8227,9057
"330","Cornwall","Unitary Authority",28270,31853,30299,29876,30366,28002,28162,29905,30244,37923,41748,41002,38686,39079,39738,25246,18018,17551
"331","Isles of Scilly","Unitary Authority",101,123,108,64,98,137,135,145,126,144,175,158,152,146,170,105,68,87
"332","North Somerset","Unitary Authority",11491,12940,12146,10992,9382,10360,11458,12771,12953,15128,15940,14422,12989,13282,14069,9374,7070,7152
"333","Plymouth","Unitary Authority",14969,15831,14052,15651,23841,18861,17192,16311,13993,16520,17447,16291,14140,12990,13030,8895,6671,6415
"334","Poole","Unitary Authority",8108,8797,8544,7853,7410,8333,9075,9694,8847,10414,10979,10262,8813,8851,9060,6117,4970,5270
"335","South Gloucestershire","Unitary Authority",16325,17528,16183,15651,17790,17803,18957,18708,17035,19742,21092,18199,14881,13757,14179,10152,7568,7094
"336","Swindon","Unitary Authority",14479,15097,13373,11929,11286,13531,15749,16146,15094,16805,16458,14901,11974,10174,9364,6330,4661,4645
"337","Torbay","Unitary Authority",6918,7450,7083,6629,6223,6920,6957,6703,6802,8884,10020,9937,9347,9468,9840,6606,4939,5054
"338","Wiltshire","Unitary Authority",27307,31219,30205,27002,22397,26759,28648,29143,29156,36556,38276,35425,30134,28858,28766,19461,14298,14454
"339","Devon","County",37314,43027,41818,41668,44078,44177,40947,41655,40730,51451,58021,56990,53139,53933,54790,36499,26735,28314
"340","East Devon","Non-metropolitan District",6492,7621,7516,6735,5411,6409,6715,6958,7135,9299,10306,10088,10143,10821,11563,8117,6210,6778
"341","Exeter","Non-metropolitan District",6491,6716,5924,8922,17187,13211,9054,8052,6871,7223,7449,6720,5842,5488,5258,3776,2856,3388
"342","Mid Devon","Non-metropolitan District",4172,4939,4993,4532,3768,3890,4192,4337,4488,5821,6205,5980,5303,5440,5170,3486,2419,2560
"343","North Devon","Non-metropolitan District",4801,5547,5352,4734,4280,5017,4886,5076,5047,6487,7228,7052,6478,6291,6724,4523,3256,3331
"344","South Hams","Non-metropolitan District",3543,4537,4606,4355,3139,3643,3721,4134,4319,5583,6875,7007,6600,6846,6856,4293,3152,3012
"345","Teignbridge","Non-metropolitan District",6249,7085,6928,6399,5404,6439,6741,7007,6900,8833,10385,10168,9385,9484,9682,6268,4497,4990
"346","Torridge","Non-metropolitan District",3173,3741,3450,3301,2818,3219,3140,3276,3324,4472,5150,5385,5199,5392,5145,3319,2397,2242
"347","West Devon","Non-metropolitan District",2393,2841,3049,2690,2071,2349,2498,2815,2646,3733,4423,4590,4189,4171,4392,2717,1948,2013
"348","Dorset","County",18202,22026,22795,21736,17025,19227,19153,20440,21412,27636,31495,31664,30139,31632,33708,22821,17354,18051
"349","Christchurch","Non-metropolitan District",1923,2593,2736,2450,2054,2143,2180,2430,2541,3248,3566,3304,3114,3622,4170,2888,2460,2610
"350","East Dorset","Non-metropolitan District",3676,4701,4603,4282,3486,3692,3573,4060,4436,5732,6456,6699,6263,6795,7667,5212,4225,4331
"351","North Dorset","Non-metropolitan District",3222,3809,4116,4095,2799,3405,3542,3811,3720,4655,5250,5229,4830,4934,5063,3388,2399,2574
"352","Purbeck","Non-metropolitan District",2131,2433,2561,2331,2055,2290,2214,2351,2412,2941,3448,3579,3398,3463,3639,2440,1742,1707
"353","West Dorset","Non-metropolitan District",4093,5052,5373,5148,3547,4231,4279,4427,4979,6581,7771,7982,7758,8189,8414,5968,4311,4651
"354","Weymouth and Portland","Non-metropolitan District",3157,3438,3406,3430,3084,3466,3365,3361,3324,4479,5004,4871,4776,4629,4755,2925,2217,2178
"355","Gloucestershire","County",34617,37207,35571,34849,33775,35364,36346,38235,36540,44722,48085,44687,38587,37414,35962,25249,18327,18021
"356","Cheltenham","Non-metropolitan District",6369,6544,6401,7061,8130,7808,8007,7985,6910,7666,8123,7370,6197,5944,5686,4109,3187,3593
"357","Cotswold","Non-metropolitan District",4175,4691,4807,4473,4178,3803,4019,4560,4896,6490,7271,6747,6152,6123,6131,4270,3082,3154
"358","Forest of Dean","Non-metropolitan District",4209,4707,4551,4987,4506,4309,4001,4216,4374,6059,6897,6698,5995,6140,5829,3943,2713,2409
"359","Gloucester","Non-metropolitan District",8427,8579,7655,7373,7917,8624,8976,8949,7675,8948,9329,8453,6810,6009,5666,4036,2886,2973
"360","Stroud","Non-metropolitan District",5880,7049,7035,6442,5196,5657,5905,6575,7242,9131,9449,8983,7857,7579,7211,4981,3631,3216
"361","Tewkesbury","Non-metropolitan District",5557,5637,5122,4513,3848,5163,5438,5950,5443,6428,7016,6436,5576,5619,5439,3910,2828,2676
"362","Somerset","County",29004,32182,31313,29563,25741,29179,29712,29318,29312,37637,42096,40561,36920,37732,36635,25059,18281,19154
"363","Mendip","Non-metropolitan District",5888,6639,6809,6722,5213,5537,5860,6018,6364,8165,9197,8456,7535,7446,7159,4721,3550,3602
"364","Sedgemoor","Non-metropolitan District",6597,7252,6857,6615,5916,6532,6485,6455,6348,8357,9533,8926,8013,8077,7778,5374,3764,3912
"365","South Somerset","Non-metropolitan District",8682,9674,9370,8529,7592,8911,9027,8604,8821,11079,12134,12116,11042,11655,11463,7882,5556,5724
"366","Taunton Deane","Non-metropolitan District",6492,7016,6785,6220,5561,6777,6952,6877,6557,8086,8722,8191,7475,7402,6999,4869,3744,4254
"367","West Somerset","Non-metropolitan District",1345,1601,1492,1477,1459,1422,1388,1364,1222,1950,2510,2872,2855,3152,3236,2213,1667,1662
"368","WALES","Country",168703,184454,176663,174220,205306,206348,188433,183418,169371,206155,221680,212235,189652,184183,175352,121999,88041,82418
"369","Isle of Anglesey","Unitary Authority",3600,4051,3715,3357,3166,3862,3547,3646,3438,4567,4927,5161,4932,5000,4993,3378,2364,2257
"370","Gwynedd","Unitary Authority",5980,6904,6749,7196,10759,8373,6328,6216,5841,7569,8234,8246,7612,7590,7525,5218,3781,4057
"371","Conwy","Unitary Authority",5467,6288,6134,5719,5146,5928,5711,5860,5546,7710,8709,8768,8041,8272,8376,6032,4541,4933
"372","Denbighshire","Unitary Authority",5094,5623,5514,5006,4604,5573,4790,4644,4945,6295,7099,6925,6259,6487,6366,4366,3061,2679
"373","Flintshire","Unitary Authority",8289,9430,9383,8305,7747,9478,9449,9018,8763,11414,11712,10755,9198,9460,9196,6165,4228,3603
"374","Wrexham","Unitary Authority",7808,8800,8190,7163,6974,8369,8749,8701,7762,9791,9817,8919,8124,7738,7365,5028,3506,3322
"375","Powys","Unitary Authority",6008,6780,7044,6840,5876,6609,6009,6028,6382,8745,10166,10352,9833,10016,9593,6677,4776,4713
"376","Ceredigion","Unitary Authority",3108,3601,3532,4701,7407,4734,2433,3061,3161,4144,4893,5026,4996,5142,4892,3265,2398,2498
"377","Pembrokeshire","Unitary Authority",6017,7054,7058,6477,5917,6834,6382,6131,5997,7945,9063,9381,8669,8928,8710,5932,4307,4253
"378","Carmarthenshire","Unitary Authority",9615,10864,10691,9999,9311,10261,10356,10047,9786,12110,13839,13740,12938,12370,11911,8350,5878,5502
"379","Swansea","Unitary Authority",12578,13650,13201,14654,22580,18026,14995,14728,13483,15384,16107,15102,13929,13107,12638,8986,6813,6505
"380","Neath Port Talbot","Unitary Authority",7606,8010,7909,8484,7406,8493,9019,9046,8239,9487,10381,10117,9179,8685,7916,5470,3943,3516
"381","Bridgend","Unitary Authority",7986,8494,8114,7642,7665,8965,9165,9233,8483,10329,10763,10095,8563,8425,7928,5730,3956,3340
"382","Vale of Glamorgan","Unitary Authority",7216,7990,7821,7190,6732,7512,7607,8158,7993,9109,9510,9300,8336,7733,7629,5247,3658,3424
"383","Cardiff","Unitary Authority",21505,22416,19918,22989,42304,33833,26363,24090,20505,20782,21224,19969,17011,14938,12829,9014,7258,7300
"384","Rhondda Cynon Taf","Unitary Authority",13622,14793,13810,13188,15544,17009,15741,14961,13047,16246,16878,15579,13719,13299,12762,8622,6123,5188
"385","Merthyr Tydfil","Unitary Authority",3718,3741,3426,3284,3447,4148,4235,3788,3193,3914,4341,4178,3546,3373,2996,2092,1510,1253
"386","Caerphilly","Unitary Authority",10197,11043,10759,9965,10237,11705,11749,11511,10377,12647,13174,11983,10680,10388,9638,6694,4618,3654
"387","Blaenau Gwent","Unitary Authority",3739,3995,3772,3683,3957,4918,4506,4171,3754,4939,5309,4925,4113,4017,3793,2763,1829,1530
"388","Torfaen","Unitary Authority",5207,5716,5370,4890,5472,6152,5915,5490,4867,6211,6708,6497,5581,5436,5033,3527,2551,2426
"389","Monmouthshire","Unitary Authority",4175,5001,5246,4948,4319,4657,4406,4719,4898,6668,7956,7271,6454,6472,6247,4360,3155,3190
"390","Newport","Unitary Authority",10168,10210,9307,8540,8736,10909,10978,10171,8911,10149,10870,9946,7939,7307,7016,5083,3787,3275
"391","SCOTLAND","Country",276862,301089,287790,284564,350624,382340,361258,347997,317522,374287,404687,386660,336306,300413,270965,191102,140258,123376
"392","Aberdeen City","Council Area",11751,11517,9824,10473,18625,23442,20494,17386,13779,14090,14314,13989,12344,10483,8814,6468,5088,4679
"393","Aberdeenshire","Council Area",14564,16216,15372,13752,12689,13249,15249,17134,17051,19913,20421,18943,17118,15313,13493,9098,6329,5566
"394","Angus","Council Area",5552,6198,6257,6135,6091,5876,6190,6635,6354,8057,8787,8881,7739,7748,7367,5020,3692,3461
"395","Argyll and Bute","Council Area",3610,4256,4337,4365,4832,4173,3824,4251,4560,5744,6895,7001,6452,6351,5973,4180,2962,2494
"396","City of Edinburgh","Council Area",25309,26334,22777,24496,44660,55449,47941,40325,32879,32231,32249,30171,25619,22498,19571,13692,11108,11191
"397","Clackmannanshire","Council Area",2686,2900,2875,2808,2900,2815,2905,2961,3039,3902,4167,3916,3299,3183,2882,1888,1273,1001
"398","Dumfries and Galloway","Council Area",6488,7566,7859,7245,7610,7370,7506,7267,7240,9898,11875,11953,11034,10830,10011,7334,5226,4478
"399","Dundee City","Council Area",7510,8005,7157,8401,13578,14335,11419,9096,7386,8500,9434,9713,8229,7101,6658,4759,3912,3557
"400","East Ayrshire","Council Area",6349,6966,6578,6330,6954,7223,7237,7122,6842,8863,9806,9058,7959,7393,6778,4553,3245,2584
"401","East Dunbartonshire","Council Area",5619,6273,6173,5893,5846,5616,5124,5841,6033,7647,8404,8427,7367,6580,6075,4536,3673,3203
"402","East Lothian","Council Area",5651,6408,6273,5418,5692,5815,5638,6236,6414,7780,8359,8064,6872,5969,5764,3960,2938,2539
"403","East Renfrewshire","Council Area",5185,6502,6476,5671,5196,4604,4330,5338,5982,6874,7262,6822,6031,5155,4755,3463,2815,2709
"404","Falkirk","Council Area",8175,9345,9026,8461,8926,9415,9819,10414,10402,12330,12785,11509,9727,9025,8024,5630,4053,3274
"405","Fife","Council Area",18956,21372,20356,20297,23933,22193,21114,22099,21336,25932,28128,26819,23785,21963,20873,14045,9995,8714
"406","Glasgow City","Council Area",33646,32848,28128,31575,53396,68913,58230,47631,36324,39044,41307,39157,31946,24866,20937,15457,12038,10967
"407","Highland","Council Area",11176,12641,13025,12389,11797,12135,13501,13815,13183,16284,18878,18098,16622,15524,13868,9685,6805,6114
"408","Inverclyde","Council Area",3579,4081,4183,4063,4502,4664,4414,4464,4186,5285,6478,6585,5284,4760,4227,3051,2267,2077
"409","Midlothian","Council Area",5821,5680,5142,4831,4848,5522,5816,6145,5506,6321,6654,6422,5603,5173,4767,3089,2223,1777
"410","Moray","Council Area",4522,5228,5357,5232,5219,5349,5628,5527,5485,6966,7305,6948,6331,5825,5414,3835,2815,2534
"411","Na h-Eileanan Siar","Council Area",1199,1348,1494,1264,1180,1134,1293,1424,1562,1944,2112,2116,1935,1948,1717,1324,940,896
"412","North Ayrshire","Council Area",6442,7358,7520,7261,8075,7452,7015,6970,7221,9421,10625,10407,9439,8811,8282,5819,3842,3320
"413","North Lanarkshire","Council Area",18329,20278,20444,19546,20572,20985,21571,22661,21105,24993,26727,24279,20686,17974,15456,11108,7705,5761
"414","Orkney Islands","Council Area",966,1156,1202,1066,1051,1215,1239,1217,1176,1523,1822,1750,1573,1524,1365,1055,704,586
"415","Perth and Kinross","Council Area",6897,7956,7954,8043,7710,8235,8534,8677,8185,10320,12014,11289,10277,9914,9023,6638,4845,4779
"416","Renfrewshire","Council Area",9022,9767,9585,9325,10688,11725,11515,11348,10007,12564,14169,13499,11288,9663,8783,6190,4729,3923
"417","Scottish Borders","Council Area",5486,6205,6213,5827,5553,5178,5315,5792,6040,8320,9408,9291,8539,8078,7785,5298,3741,3201
"418","Shetland Islands","Council Area",1195,1405,1343,1241,1204,1287,1388,1381,1400,1637,1758,1657,1539,1387,1202,900,592,474
"419","South Ayrshire","Council Area",5097,5698,5750,5633,5972,5531,5562,5781,5834,7589,8758,8858,8301,7926,7508,5292,3931,3529
"420","South Lanarkshire","Council Area",16803,17865,17416,16828,17757,18349,18629,20274,19200,23475,25173,24568,21386,18264,16142,11433,8343,7115
"421","Stirling","Council Area",4294,4865,5308,5864,7911,6500,5123,5111,5249,6684,7176,6648,5595,5051,4808,3513,2518,2112
"422","West Dunbartonshire","Council Area",4626,5225,4934,4622,5242,5825,5643,5427,4827,6150,7168,6892,6122,4987,4385,3055,2147,1853
"423","West Lothian","Council Area",10357,11627,11452,10209,10415,10766,12052,12247,11735,14006,14269,12930,10265,9146,8258,5734,3764,2908
"424","NORTHERN IRELAND","Country",121736,129115,120322,113891,115991,122563,126069,123336,115915,127716,132417,121596,102777,89246,80479,59344,41408,37720
"425","Antrim and Newtownabbey","Local Government District",8790,9921,9398,8632,8314,8827,9218,9473,9174,9980,10195,9183,7752,6834,6165,4630,3198,2808
"426","Ards and North Down","Local Government District",8650,9828,9855,8787,7762,8966,9350,9822,9625,11273,11761,11303,10127,9764,9551,6305,4143,3992
"427","Armagh City Banbridge and Craigavon","Local Government District",15102,15918,14582,12570,11877,14193,14779,14660,13667,14676,14860,13358,11037,9523,8710,6412,4433,3733
"428","Belfast","Local Government District",22047,22487,19833,20967,28686,26608,26302,23606,20256,20515,22098,20995,17399,13639,12210,9552,7410,7267
"429","Causeway Coast and Glens","Local Government District",8474,9155,9041,8939,9104,8296,8608,8664,8647,10284,10858,9741,8333,7602,6811,5189,3370,3130
"430","Derry City and Strabane","Local Government District",10270,10823,9785,9927,9654,9743,10058,9341,9316,10775,11012,9650,7948,7048,6080,4165,2854,2230
"431","Fermanagh and Omagh","Local Government District",7793,8213,7804,7357,6155,6940,7457,7586,7350,8048,8027,7666,6862,6058,5058,3564,2520,2377
"432","Lisburn and Castlereagh","Local Government District",9054,9615,8850,8124,7828,8830,9659,9721,9038,9893,10933,9959,7925,6830,6343,5160,3507,3112
"433","Mid and East Antrim","Local Government District",8043,8533,8559,7981,7666,8525,8388,8396,8145,10064,10518,9618,8297,7349,6830,5141,3561,3159
"434","Mid Ulster","Local Government District",10889,11248,10285,9187,8652,10151,10406,10425,9679,10005,9520,8646,7234,6259,5520,4040,2703,2543
"435","Newry Mourne and Down","Local Government District",12624,13374,12330,11420,10293,11484,11844,11642,11018,12203,12635,11477,9863,8340,7201,5186,3709,3369
